,rank,title,rating,year,cast,url,num_reviewer,director,star1,star2,mpa,region,time,budget_unit,budget,ticket_unit,ticket
0,1,The Shawshank Redemption,9.235768022,1994,"Frank Darabont (dir.), Tim Robbins, Morgan Freeman",/title/tt0111161/,"2,715,781",Frank Darabont , Tim Robbins, Morgan Freeman,R,United States,142,$,25000000 ,$,28884504 
1,2,The Godfather,9.15588992,1972,"Francis Ford Coppola (dir.), Marlon Brando, Al Pacino",/title/tt0068646/,"1,886,797",Francis Ford Coppola , Marlon Brando, Al Pacino,R,United States,175,$,6000000 ,$,250341816 
2,3,The Dark Knight,8.991596677,2008,"Christopher Nolan (dir.), Christian Bale, Heath Ledger",/title/tt0468569/,"2,688,498",Christopher Nolan , Christian Bale, Heath Ledger,PG-13,United States,152,$,185000000 ,$,1006234167 
3,4,The Godfather Part II,8.983870676,1974,"Francis Ford Coppola (dir.), Al Pacino, Robert De Niro",/title/tt0071562/,"1,287,564",Francis Ford Coppola , Al Pacino, Robert De Niro,R,United States,202,$,13000000 ,$,47961919 
4,5,12 Angry Men,8.953058815,1957,"Sidney Lumet (dir.), Henry Fonda, Lee J. Cobb",/title/tt0050083/,"802,480",Sidney Lumet , Henry Fonda, Lee J. Cobb,Approved,United States,96,$,350000 ,$,2000000 
5,6,Schindler's List,8.940032392,1993,"Steven Spielberg (dir.), Liam Neeson, Ralph Fiennes",/title/tt0108052/,"1,371,867",Steven Spielberg , Liam Neeson, Ralph Fiennes,R,United States,195,$,22000000 ,$,322161245 
6,7,The Lord of the Rings: The Return of the King,8.932313281,2003,"Peter Jackson (dir.), Elijah Wood, Viggo Mortensen",/title/tt0167260/,"1,868,760",Peter Jackson , Elijah Wood, Viggo Mortensen,PG-13,New Zealand,201,$,94000000 ,$,1146457748 
7,8,Pulp Fiction,8.846346676,1994,"Quentin Tarantino (dir.), John Travolta, Uma Thurman",/title/tt0110912/,"2,085,322",Quentin Tarantino , John Travolta, Uma Thurman,R,United States,154,$,8000000 ,$,213928762 
8,9,The Lord of the Rings: The Fellowship of the Ring,8.810949422,2001,"Peter Jackson (dir.), Elijah Wood, Ian McKellen",/title/tt0120737/,"1,898,190",Peter Jackson , Elijah Wood, Ian McKellen,PG-13,New Zealand,178,$,93000000 ,$,898204420 
9,1," The Good, the Bad and the Ugly",8.788900868,1966,"Sergio Leone (dir.), Clint Eastwood, Eli Wallach",/title/tt0060196/,"770,423",Sergio Leone , Clint Eastwood, Eli Wallach,Approved,Italy,178,$,1200000 ,$,25253887 
10,11,Forrest Gump,8.766662104,1994,"Robert Zemeckis (dir.), Tom Hanks, Robin Wright",/title/tt0109830/,"2,110,794",Robert Zemeckis , Tom Hanks, Robin Wright,PG-13,United States,142,$,55000000 ,$,678226465 
11,12,Fight Club,8.747854656,1999,"David Fincher (dir.), Brad Pitt, Edward Norton",/title/tt0137523/,"2,159,288",David Fincher , Brad Pitt, Edward Norton,R,Germany,139,$,63000000 ,$,101209702 
12,13,The Lord of the Rings: The Two Towers,8.736602797,2002,"Peter Jackson (dir.), Elijah Wood, Ian McKellen",/title/tt0167261/,"1,687,226",Peter Jackson , Elijah Wood, Ian McKellen,PG-13,New Zealand,179,$,94000000 ,$,947944270 
13,14,Inception,8.732683266,2010,"Christopher Nolan (dir.), Leonardo DiCaprio, Joseph Gordon-Levitt",/title/tt1375666/,"2,385,939",Christopher Nolan , Leonardo DiCaprio, Joseph Gordon-Levitt,PG-13,United States,148,$,160000000 ,$,836504484 
14,15,Star Wars: Episode V - The Empire Strikes Back,8.698462001,1980,"Irvin Kershner (dir.), Mark Hamill, Harrison Ford",/title/tt0080684/,"1,307,696",Irvin Kershner , Mark Hamill, Harrison Ford,PG,United States,124,$,18000000 ,$,538375067 
15,16,The Matrix,8.669094057,1999,"Lana Wachowski (dir.), Keanu Reeves, Laurence Fishburne",/title/tt0133093/,"1,936,857",Lana Wachowski , Keanu Reeves, Laurence Fishburne,R,United States,136,$,63000000 ,$,467222728 
16,17,Goodfellas,8.653210843,1990,"Martin Scorsese (dir.), Robert De Niro, Ray Liotta",/title/tt0099685/,"1,177,926",Martin Scorsese , Robert De Niro, Ray Liotta,R,United States,145,$,25000000 ,$,47036784 
17,18,One Flew Over the Cuckoo's Nest,8.63804504,1975,"Milos Forman (dir.), Jack Nicholson, Louise Fletcher",/title/tt0073486/,"1,018,901",Milos Forman , Jack Nicholson, Louise Fletcher,R,United States,133,$,3000000 ,$,109114817 
18,19,Se7en,8.604633098,1995,"David Fincher (dir.), Morgan Freeman, Brad Pitt",/title/tt0114369/,"1,677,047",David Fincher , Morgan Freeman, Brad Pitt,R,United States,127,$,33000000 ,$,327333559 
20,21,It's a Wonderful Life,8.597464715,1946,"Frank Capra (dir.), James Stewart, Donna Reed",/title/tt0038650/,"468,281",Frank Capra , James Stewart, Donna Reed,PG,United States,130,$,3180000 ,$,8574081 
21,22,The Silence of the Lambs,8.588328469,1991,"Jonathan Demme (dir.), Jodie Foster, Anthony Hopkins",/title/tt0102926/,"1,451,821",Jonathan Demme , Jodie Foster, Anthony Hopkins,R,United States,118,$,19000000 ,$,272742922 
22,23,Saving Private Ryan,8.579696459,1998,"Steven Spielberg (dir.), Tom Hanks, Matt Damon",/title/tt0120815/,"1,409,384",Steven Spielberg , Tom Hanks, Matt Damon,R,United States,169,$,70000000 ,$,482349603 
23,24,City of God,8.579302775,2002,"Fernando Meirelles (dir.), Alexandre Rodrigues, Leandro Firmino",/title/tt0317248/,"764,650",Fernando Meirelles , Alexandre Rodrigues, Leandro Firmino,R,Brazil,130,$,3300000 ,$,30680793 
24,25,Interstellar,8.571810409,2014,"Christopher Nolan (dir.), Matthew McConaughey, Anne Hathaway",/title/tt0816692/,"1,875,521",Christopher Nolan , Matthew McConaughey, Anne Hathaway,PG-13,United States,169,$,165000000 ,$,773430538 
25,26,Life Is Beautiful,8.568574184,1997,"Roberto Benigni (dir.), Roberto Benigni, Nicoletta Braschi",/title/tt0118799/,"704,489",Roberto Benigni , Roberto Benigni, Nicoletta Braschi,PG-13,Italy,116,$,20000000 ,$,230099013 
26,27,The Green Mile,8.56354553,1999,"Frank Darabont (dir.), Tom Hanks, Michael Clarke Duncan",/title/tt0120689/,"1,320,017",Frank Darabont , Tom Hanks, Michael Clarke Duncan,R,United States,189,$,60000000 ,$,286801374 
27,28,Star Wars,8.547871848,1977,"George Lucas (dir.), Mark Hamill, Harrison Ford",/title/tt0076759/,"1,380,103",George Lucas , Mark Hamill, Harrison Ford,PG,United States,121,$,11000000 ,$,775398007 
28,29,Terminator 2: Judgment Day,8.538087188,1991,"James Cameron (dir.), Arnold Schwarzenegger, Linda Hamilton",/title/tt0103064/,"1,112,512",James Cameron , Arnold Schwarzenegger, Linda Hamilton,R,United States,137,$,102000000 ,$,520881154 
29,30,Back to the Future,8.517797894,1985,"Robert Zemeckis (dir.), Michael J. Fox, Christopher Lloyd",/title/tt0088763/,"1,223,603",Robert Zemeckis , Michael J. Fox, Christopher Lloyd,PG,United States,116,$,19000000 ,$,383336762 
30,31,Spirited Away,8.515911241,2001,"Hayao Miyazaki (dir.), Daveigh Chase, Suzanne Pleshette",/title/tt0245429/,"777,845",Hayao Miyazaki , Daveigh Chase, Suzanne Pleshette,PG,Japan,125,$,19000000 ,$,355822319 
31,32,The Pianist,8.507722323,2002,"Roman Polanski (dir.), Adrien Brody, Thomas Kretschmann",/title/tt0253474/,"845,176",Roman Polanski , Adrien Brody, Thomas Kretschmann,R,France,150,$,35000000 ,$,120072577 
32,33,Psycho,8.506282207,1960,"Alfred Hitchcock (dir.), Anthony Perkins, Janet Leigh",/title/tt0054215/,"680,357",Alfred Hitchcock , Anthony Perkins, Janet Leigh,R,United States,109,$,806947 ,$,32052925 
33,34,Parasite,8.50001879,2019,"Bong Joon Ho (dir.), Song Kang-ho, Lee Sun-kyun",/title/tt6751668/,"832,332",Bong Joon Ho , Song Kang-ho, Lee Sun-kyun,R,South Korea,132,$,11400000 ,$,262676096 
34,35,Léon: The Professional,8.492823645,1994,"Luc Besson (dir.), Jean Reno, Gary Oldman",/title/tt0110413/,"1,176,848",Luc Besson , Jean Reno, Gary Oldman,R,France,110,$,21543649 ,$,19569225 
35,36,The Lion King,8.487837715,1994,"Roger Allers (dir.), Matthew Broderick, Jeremy Irons",/title/tt0110357/,"1,073,057",Roger Allers , Matthew Broderick, Jeremy Irons,G,United States,88,$,45000000 ,$,968511805 
36,37,Gladiator,8.48709884,2000,"Ridley Scott (dir.), Russell Crowe, Joaquin Phoenix",/title/tt0172495/,"1,519,591",Ridley Scott , Russell Crowe, Joaquin Phoenix,R,United States,155,$,103000000 ,$,503162313 
37,38,American History X,8.481517785,1998,"Tony Kaye (dir.), Edward Norton, Edward Furlong",/title/tt0120586/,"1,134,280",Tony Kaye , Edward Norton, Edward Furlong,R,United States,119,$,20000000 ,$,23875127 
38,39,The Departed,8.476224686,2006,"Martin Scorsese (dir.), Leonardo DiCaprio, Matt Damon",/title/tt0407887/,"1,342,193",Martin Scorsese , Leonardo DiCaprio, Matt Damon,R,United States,151,$,90000000 ,$,291480452 
39,40,The Usual Suspects,8.469208686,1995,"Bryan Singer (dir.), Kevin Spacey, Gabriel Byrne",/title/tt0114814/,"1,096,266",Bryan Singer , Kevin Spacey, Gabriel Byrne,R,United States,106,$,6000000 ,$,23341568 
40,41,The Prestige,8.469204494,2006,"Christopher Nolan (dir.), Christian Bale, Hugh Jackman",/title/tt0482571/,"1,350,397",Christopher Nolan , Christian Bale, Hugh Jackman,PG-13,United Kingdom,130,$,40000000 ,$,109676311 
41,42,Whiplash,8.468865728,2014,"Damien Chazelle (dir.), Miles Teller, J.K. Simmons",/title/tt2582802/,"886,639",Damien Chazelle , Miles Teller, J.K. Simmons,R,United States,106,$,3300000 ,$,49396747 
42,43,Casablanca,8.461505948,1942,"Michael Curtiz (dir.), Humphrey Bogart, Ingrid Bergman",/title/tt0034583/,"578,604",Michael Curtiz , Humphrey Bogart, Ingrid Bergman,PG,United States,102,$,950000 ,$,4626532 
43,44,Grave of the Fireflies,8.456319513,1988,"Isao Takahata (dir.), Tsutomu Tatsumi, Ayano Shiraishi",/title/tt0095327/,"283,093",Isao Takahata , Tsutomu Tatsumi, Ayano Shiraishi,Not Rated,Japan,89,$,3700000 ,$,516962 
45,46,The Intouchables,8.453289132,2011,"Olivier Nakache (dir.), François Cluzet, Omar Sy",/title/tt1675434/,"871,909",Olivier Nakache , François Cluzet, Omar Sy,R,France,112,$,12217000 ,$,426588510 
46,47,Modern Times,8.44669245,1936,"Charles Chaplin (dir.), Charles Chaplin, Paulette Goddard",/title/tt0027977/,"246,023",Charles Chaplin , Charles Chaplin, Paulette Goddard,G,United States,87,$,1500000 ,$,1800000 
47,48,Once Upon a Time in the West,8.440605305,1968,"Sergio Leone (dir.), Henry Fonda, Charles Bronson",/title/tt0064116/,"334,196",Sergio Leone , Henry Fonda, Charles Bronson,PG-13,Italy,165,$,5000000 ,$,5435024 
48,49,Cinema Paradiso,8.435550868,1988,"Giuseppe Tornatore (dir.), Philippe Noiret, Enzo Cannavale",/title/tt0095765/,"265,413",Giuseppe Tornatore , Philippe Noiret, Enzo Cannavale,PG,Italy,155,$,5000000 ,$,13019063 
49,50,Rear Window,8.435300667,1954,"Alfred Hitchcock (dir.), James Stewart, Grace Kelly",/title/tt0047396/,"497,689",Alfred Hitchcock , James Stewart, Grace Kelly,PG,United States,112,$,1000000 ,$,37034579 
50,51,Alien,8.433280803,1979,"Ridley Scott (dir.), Sigourney Weaver, Tom Skerritt",/title/tt0078748/,"894,315",Ridley Scott , Sigourney Weaver, Tom Skerritt,R,United Kingdom,117,$,11000000 ,$,106285522 
51,52,City Lights,8.432089966,1931,"Charles Chaplin (dir.), Charles Chaplin, Virginia Cherrill",/title/tt0021749/,"187,086",Charles Chaplin , Charles Chaplin, Virginia Cherrill,G,United States,87,$,1500000 ,$,4250000 
52,53,Apocalypse Now,8.422831223,1979,"Francis Ford Coppola (dir.), Martin Sheen, Marlon Brando",/title/tt0078788/,"676,222",Francis Ford Coppola , Martin Sheen, Marlon Brando,R,United States,147,$,31500000 ,$,104880868 
53,54,Memento,8.419304797,2000,"Christopher Nolan (dir.), Guy Pearce, Carrie-Anne Moss",/title/tt0209144/,"1,252,607",Christopher Nolan , Guy Pearce, Carrie-Anne Moss,R,United States,113,$,9000000 ,$,40047078 
54,55,Django Unchained,8.409138193,2012,"Quentin Tarantino (dir.), Jamie Foxx, Christoph Waltz",/title/tt1853728/,"1,579,703",Quentin Tarantino , Jamie Foxx, Christoph Waltz,R,United States,165,$,100000000 ,$,426074373 
55,56,Raiders of the Lost Ark,8.406141509,1981,"Steven Spielberg (dir.), Harrison Ford, Karen Allen",/title/tt0082971/,"977,737",Steven Spielberg , Harrison Ford, Karen Allen,PG,United States,115,$,18000000 ,$,389925971 
56,57,WALL·E,8.395363058,2008,"Andrew Stanton (dir.), Ben Burtt, Elissa Knight",/title/tt0910970/,"1,130,851",Andrew Stanton , Ben Burtt, Elissa Knight,G,United States,98,$,180000000 ,$,521311890 
57,58,The Lives of Others,8.383779202,2006,"Florian Henckel von Donnersmarck (dir.), Ulrich Mühe, Martina Gedeck",/title/tt0405094/,"393,757",Florian Henckel von Donnersmarck , Ulrich Mühe, Martina Gedeck,R,Germany,137,$,2000000 ,$,77356942 
58,59,Sunset Blvd,8.378740521,1950,"Billy Wilder (dir.), William Holden, Gloria Swanson",/title/tt0043014/,"224,943",Billy Wilder , William Holden, Gloria Swanson,Passed,United States,110,$,1752000 ,$,5000000 
59,60,Paths of Glory,8.371392533,1957,"Stanley Kubrick (dir.), Kirk Douglas, Ralph Meeker",/title/tt0050825/,"200,432",Stanley Kubrick , Kirk Douglas, Ralph Meeker,Approved,United States,88,$,935000 ,$,1200000 
60,61,The Shining,8.364911412,1980,"Stanley Kubrick (dir.), Jack Nicholson, Shelley Duvall",/title/tt0081505/,"1,037,308",Stanley Kubrick , Jack Nicholson, Shelley Duvall,R,United Kingdom,146,$,19000000 ,$,47346869 
61,62,The Great Dictator,8.36394244,1940,"Charles Chaplin (dir.), Charles Chaplin, Paulette Goddard",/title/tt0032553/,"226,860",Charles Chaplin , Charles Chaplin, Paulette Goddard,G,United States,125,$,2000000 ,$,5000000 
62,63,Avengers: Infinity War,8.36190499,2018,"Anthony Russo (dir.), Robert Downey Jr., Chris Hemsworth",/title/tt4154756/,"1,104,101",Anthony Russo , Robert Downey Jr., Chris Hemsworth,PG-13,United States,149,$,321000000 ,$,2052415039 
63,64,Witness for the Prosecution,8.359562413,1957,"Billy Wilder (dir.), Tyrone Power, Marlene Dietrich",/title/tt0051201/,"127,859",Billy Wilder , Tyrone Power, Marlene Dietrich,Approved,United States,116,$,3000000 ,$,9000000 
64,65,Aliens,8.342970328,1986,"James Cameron (dir.), Sigourney Weaver, Michael Biehn",/title/tt0090605/,"726,349",James Cameron , Sigourney Weaver, Michael Biehn,R,United Kingdom,137,$,18500000 ,$,131060248 
65,66,Spider-Man: Into the Spider-Verse,8.338417116,2018,"Bob Persichetti (dir.), Shameik Moore, Jake Johnson",/title/tt4633694/,"547,579",Bob Persichetti , Shameik Moore, Jake Johnson,PG,United States,117,$,90000000 ,$,384256930 
66,67,American Beauty,8.329819676,1999,"Sam Mendes (dir.), Kevin Spacey, Annette Bening",/title/tt0169547/,"1,165,533",Sam Mendes , Kevin Spacey, Annette Bening,R,United States,122,$,15000000 ,$,356296601 
67,68,Dr Strangelove or: How I Learned to Stop Worrying and Love the Bomb,8.327177685,1964,"Stanley Kubrick (dir.), Peter Sellers, George C. Scott",/title/tt0057012/,"496,458",Stanley Kubrick , Peter Sellers, George C. Scott,PG,United Kingdom,95,$,1800000 ,$,9523464 
68,69,The Dark Knight Rises,8.326054498,2012,"Christopher Nolan (dir.), Christian Bale, Tom Hardy",/title/tt1345836/,"1,725,218",Christopher Nolan , Christian Bale, Tom Hardy,PG-13,United States,164,$,250000000 ,$,1081169825 
69,70,Oldboy,8.320104285,2003,"Park Chan-wook (dir.), Choi Min-sik, Yoo Ji-tae",/title/tt0364569/,"589,084",Park Chan-wook , Choi Min-sik, Yoo Ji-tae,R,South Korea,122,$,3000000 ,$,15421226 
70,71,Inglourious Basterds,8.318620203,2009,"Quentin Tarantino (dir.), Brad Pitt, Diane Kruger",/title/tt0361748/,"1,473,350",Quentin Tarantino , Brad Pitt, Diane Kruger,R,Germany,153,$,70000000 ,$,321457747 
71,72,Amadeus,8.316325385,1984,"Milos Forman (dir.), F. Murray Abraham, Tom Hulce",/title/tt0086879/,"406,381",Milos Forman , F. Murray Abraham, Tom Hulce,PG,United States,160,$,18000000 ,$,52066791 
72,73,Coco,8.315246239,2017,"Lee Unkrich (dir.), Anthony Gonzalez, Gael García Bernal",/title/tt2380307/,"523,020",Lee Unkrich , Anthony Gonzalez, Gael García Bernal,PG,United States,105,$,175000000 ,$,814337054 
73,74,Toy Story,8.314077675,1995,"John Lasseter (dir.), Tom Hanks, Tim Allen",/title/tt0114709/,"1,007,212",John Lasseter , Tom Hanks, Tim Allen,G,United States,81,$,30000000 ,$,394436586 
74,75,Joker,8.31270885,2019,"Todd Phillips (dir.), Joaquin Phoenix, Robert De Niro",/title/tt7286456/,"1,325,100",Todd Phillips , Joaquin Phoenix, Robert De Niro,R,United States,122,$,55000000 ,$,1074458282 
75,76,Braveheart,8.312592472,1995,"Mel Gibson (dir.), Mel Gibson, Sophie Marceau",/title/tt0112573/,"1,048,085",Mel Gibson , Mel Gibson, Sophie Marceau,R,United States,178,$,72000000 ,$,213216216 
76,77,Das Boot,8.311715303,1981,"Wolfgang Petersen (dir.), Jürgen Prochnow, Herbert Grönemeyer",/title/tt0082096/,"253,785",Wolfgang Petersen , Jürgen Prochnow, Herbert Grönemeyer,,West Germany,149,$,14272971 ,$,11487676 
77,78,Avengers: Endgame,8.303844778,2019,"Anthony Russo (dir.), Robert Downey Jr., Chris Evans",/title/tt4154796/,"1,158,629",Anthony Russo , Robert Downey Jr., Chris Evans,PG-13,United States,181,$,356000000 ,$,2799439100 
78,79,Princess Mononoke,8.302967429,1997,"Hayao Miyazaki (dir.), Yôji Matsuda, Yuriko Ishida",/title/tt0119698/,"401,632",Hayao Miyazaki , Yôji Matsuda, Yuriko Ishida,PG-13,Japan,134,$,19824880 ,$,170005875 
79,80,Once Upon a Time in America,8.294480812,1984,"Sergio Leone (dir.), Robert De Niro, James Woods",/title/tt0087843/,"356,927",Sergio Leone , Robert De Niro, James Woods,R,Italy,229,$,30000000 ,$,5473337 
80,81,Good Will Hunting,8.292908338,1997,"Gus Van Sant (dir.), Robin Williams, Matt Damon",/title/tt0119217/,"989,681",Gus Van Sant , Robin Williams, Matt Damon,R,United States,126,$,10000000 ,$,225933435 
81,82,Your Name,8.282684257,2016,"Makoto Shinkai (dir.), Ryunosuke Kamiki, Mone Kamishiraishi",/title/tt5311514/,"277,978",Makoto Shinkai , Ryunosuke Kamiki, Mone Kamishiraishi,TV-PG,Japan,106,$,3404177 ,$,382238181 
82,83,Singin' in the Rain,8.27536928,1952,"Stanley Donen (dir.), Gene Kelly, Donald O'Connor",/title/tt0045152/,"246,645",Stanley Donen , Gene Kelly, Donald O'Connor,G,United States,103,$,2540800 ,$,2000288 
83,84,3 Idiots,8.274799441,2009,"Rajkumar Hirani (dir.), Aamir Khan, Madhavan",/title/tt1187043/,"406,665",Rajkumar Hirani , Aamir Khan, Madhavan,PG-13,India,170,$,11853448 ,$,60262836 
84,85,Requiem for a Dream,8.273698228,2000,"Darren Aronofsky (dir.), Ellen Burstyn, Jared Leto",/title/tt0180093/,"853,740",Darren Aronofsky , Ellen Burstyn, Jared Leto,Unrated,United States,102,$,4500000 ,$,7390108 
85,86,High and Low,8.272169842,1963,"Akira Kurosawa (dir.), Toshirô Mifune, Yutaka Sada",/title/tt0057565/,"46,848",Akira Kurosawa , Toshirô Mifune, Yutaka Sada,Not Rated,Japan,143,$,23394 ,$,46808 
86,87,Toy Story 3,8.27075225,2010,"Lee Unkrich (dir.), Tom Hanks, Tim Allen",/title/tt0435761/,"846,826",Lee Unkrich , Tom Hanks, Tim Allen,G,United States,103,$,200000000 ,$,1067316101 
87,88,Capernaum,8.267129504,2018,"Nadine Labaki (dir.), Zain Al Rafeea, Yordanos Shiferaw",/title/tt8267604/,"93,128",Nadine Labaki , Zain Al Rafeea, Yordanos Shiferaw,R,Lebanon,126,$,4000000 ,$,64417003 
88,89,Star Wars: Episode VI - Return of the Jedi,8.264106981,1983,"Richard Marquand (dir.), Mark Hamill, Harrison Ford",/title/tt0086190/,"1,066,594",Richard Marquand , Mark Hamill, Harrison Ford,PG,United States,131,$,32500000 ,$,475106177 
89,90,2001: A Space Odyssey,8.261601348,1968,"Stanley Kubrick (dir.), Keir Dullea, Gary Lockwood",/title/tt0062622/,"678,320",Stanley Kubrick , Keir Dullea, Gary Lockwood,G,United Kingdom,149,$,12000000 ,$,66056790 
90,91,Eternal Sunshine of the Spotless Mind,8.261586522,2004,"Michel Gondry (dir.), Jim Carrey, Kate Winslet",/title/tt0338013/,"1,021,657",Michel Gondry , Jim Carrey, Kate Winslet,R,United States,108,$,20000000 ,$,74036715 
92,93,Reservoir Dogs,8.258802361,1992,"Quentin Tarantino (dir.), Harvey Keitel, Tim Roth",/title/tt0105236/,"1,032,622",Quentin Tarantino , Harvey Keitel, Tim Roth,R,United States,99,$,1200000 ,$,2913644 
93,94,The Hunt,8.257373925,2012,"Thomas Vinterberg (dir.), Mads Mikkelsen, Thomas Bo Larsen",/title/tt2106476/,"336,864",Thomas Vinterberg , Mads Mikkelsen, Thomas Bo Larsen,R,Denmark,115,$,3800000 ,$,15886373 
94,95,Citizen Kane,8.249975021,1941,"Orson Welles (dir.), Orson Welles, Joseph Cotten",/title/tt0033467/,"447,061",Orson Welles , Orson Welles, Joseph Cotten,PG,United States,119,$,839727 ,$,1645944 
96,97,Lawrence of Arabia,8.249514679,1962,"David Lean (dir.), Peter O'Toole, Alec Guinness",/title/tt0056172/,"298,359",David Lean , Peter O'Toole, Alec Guinness,Approved,United Kingdom,218,$,15000000 ,$,45720631 
97,98,North by Northwest,8.24554962,1959,"Alfred Hitchcock (dir.), Cary Grant, Eva Marie Saint",/title/tt0053125/,"332,137",Alfred Hitchcock , Cary Grant, Eva Marie Saint,Approved,United States,136,$,3101000 ,$,9800000 
99,10, Vertigo,8.242635042,1958,"Alfred Hitchcock (dir.), James Stewart, Kim Novak",/title/tt0052357/,"407,508",Alfred Hitchcock , James Stewart, Kim Novak,PG,United States,128,$,2479000 ,$,7798146 
100,101,The Apartment,8.241635098,1960,"Billy Wilder (dir.), Jack Lemmon, Shirley MacLaine",/title/tt0053604/,"184,808",Billy Wilder , Jack Lemmon, Shirley MacLaine,Approved,United States,125,$,3000000 ,$,18778738 
101,102,Amélie,8.241061955,2001,"Jean-Pierre Jeunet (dir.), Audrey Tautou, Mathieu Kassovitz",/title/tt0211915/,"764,474",Jean-Pierre Jeunet , Audrey Tautou, Mathieu Kassovitz,R,France,122,$,10000000 ,$,174122191 
102,103,A Clockwork Orange,8.238326764,1971,"Stanley Kubrick (dir.), Malcolm McDowell, Patrick Magee",/title/tt0066921/,"840,266",Stanley Kubrick , Malcolm McDowell, Patrick Magee,X,United Kingdom,136,$,2200000 ,$,26960374 
103,104,Double Indemnity,8.237635023,1944,"Billy Wilder (dir.), Fred MacMurray, Barbara Stanwyck",/title/tt0036775/,"159,568",Billy Wilder , Fred MacMurray, Barbara Stanwyck,Passed,United States,107,$,927262 ,$,5000000 
104,105,Full Metal Jacket,8.236817687,1987,"Stanley Kubrick (dir.), Matthew Modine, R. Lee Ermey",/title/tt0093058/,"751,734",Stanley Kubrick , Matthew Modine, R. Lee Ermey,R,United Kingdom,116,$,30000000 ,$,120000000 
105,106,Scarface,8.234728559,1983,"Brian De Palma (dir.), Al Pacino, Michelle Pfeiffer",/title/tt0086250/,"855,312",Brian De Palma , Al Pacino, Michelle Pfeiffer,R,United States,170,$,25000000 ,$,65884703 
106,107,Hamilton,8.231658301,2020,"Thomas Kail (dir.), Lin-Manuel Miranda, Phillipa Soo",/title/tt8503618/,"98,847",Thomas Kail , Lin-Manuel Miranda, Phillipa Soo,PG-13,United States,160,$,12500000 ,$,135000000 
107,108,Incendies,8.226832931,2010,"Denis Villeneuve (dir.), Lubna Azabal, Mélissa Désormeaux-Poulin",/title/tt1255953/,"181,475",Denis Villeneuve , Lubna Azabal, Mélissa Désormeaux-Poulin,R,Canada,131,$,6800000 ,$,6788659 
108,109,Heat,8.225737127,1995,"Michael Mann (dir.), Al Pacino, Robert De Niro",/title/tt0113277/,"665,961",Michael Mann , Al Pacino, Robert De Niro,R,United States,170,$,60000000 ,$,187436818 
109,110,To Kill a Mockingbird,8.225325666,1962,"Robert Mulligan (dir.), Gregory Peck, John Megna",/title/tt0056592/,"319,928",Robert Mulligan , Gregory Peck, John Megna,Approved,United States,129,$,2000000 ,$,599146 
110,111,Up,8.224744751,2009,"Pete Docter (dir.), Edward Asner, Jordan Nagai",/title/tt1049413/,"1,057,931",Pete Docter , Edward Asner, Jordan Nagai,PG,United States,96,$,175000000 ,$,735099102 
111,112,The Sting,8.224735892,1973,"George Roy Hill (dir.), Paul Newman, Robert Redford",/title/tt0070735/,"267,243",George Roy Hill , Paul Newman, Robert Redford,PG,United States,129,$,5500000 ,$,156000000 
112,113,A Separation,8.221126446,2011,"Asghar Farhadi (dir.), Payman Maadi, Leila Hatami",/title/tt1832382/,"247,762",Asghar Farhadi , Payman Maadi, Leila Hatami,PG-13,Iran,123,$,500000 ,$,22926076 
113,114,Metropolis,8.220930223,1927,"Fritz Lang (dir.), Brigitte Helm, Alfred Abel",/title/tt0017136/,"176,831",Fritz Lang , Brigitte Helm, Alfred Abel,Not Rated,Germany,153,$,1425178 ,$,1349711 
114,115,Taxi Driver,8.219031212,1976,"Martin Scorsese (dir.), Robert De Niro, Jodie Foster",/title/tt0075314/,"850,268",Martin Scorsese , Robert De Niro, Jodie Foster,R,United States,114,$,1300000 ,$,28570902 
115,116,LA Confidential,8.218371878,1997,"Curtis Hanson (dir.), Kevin Spacey, Russell Crowe",/title/tt0119488/,"588,898",Curtis Hanson , Kevin Spacey, Russell Crowe,R,United States,138,$,35000000 ,$,126216940 
116,117,Top Gun: Maverick,8.21835172,2022,"Joseph Kosinski (dir.), Tom Cruise, Jennifer Connelly",/title/tt1745960/,"549,740",Joseph Kosinski , Tom Cruise, Jennifer Connelly,PG-13,United States,130,$,170000000 ,$,1493491858 
117,118,Die Hard,8.217682417,1988,"John McTiernan (dir.), Bruce Willis, Alan Rickman",/title/tt0095016/,"894,790",John McTiernan , Bruce Willis, Alan Rickman,R,United States,132,$,28000000 ,$,141603197 
118,119,Snatch,8.216910709,2000,"Guy Ritchie (dir.), Jason Statham, Brad Pitt",/title/tt0208092/,"866,628",Guy Ritchie , Jason Statham, Brad Pitt,R,United Kingdom,102,$,9120000 ,$,83557872 
119,120,Indiana Jones and the Last Crusade,8.216694781,1989,"Steven Spielberg (dir.), Harrison Ford, Sean Connery",/title/tt0097576/,"764,465",Steven Spielberg , Harrison Ford, Sean Connery,PG-13,United States,127,$,48000000 ,$,474171806 
120,121,Bicycle Thieves,8.215706919,1948,"Vittorio De Sica (dir.), Lamberto Maggiorani, Enzo Staiola",/title/tt0040522/,"165,958",Vittorio De Sica , Lamberto Maggiorani, Enzo Staiola,Not Rated,Italy,89,$,133000 ,$,436655 
121,122,Like Stars on Earth,8.212373631,2007,"Aamir Khan (dir.), Darsheel Safary, Aamir Khan",/title/tt0986264/,"196,275",Aamir Khan , Darsheel Safary, Aamir Khan,PG,India,165,$,2902056 ,$,21897373 
122,123,1917,8.21112995,2019,"Sam Mendes (dir.), Dean-Charles Chapman, George MacKay",/title/tt8579674/,"608,892",Sam Mendes , Dean-Charles Chapman, George MacKay,R,United Kingdom,119,$,95000000 ,$,384479940 
123,124,Downfall,8.20322189,2004,"Oliver Hirschbiegel (dir.), Bruno Ganz, Alexandra Maria Lara",/title/tt0363163/,"359,825",Oliver Hirschbiegel , Bruno Ganz, Alexandra Maria Lara,R,Germany,156,$,18090000 ,$,92181574 
124,125,Dangal,8.200063792,2016,"Nitesh Tiwari (dir.), Aamir Khan, Sakshi Tanwar",/title/tt5074352/,"195,031",Nitesh Tiwari , Aamir Khan, Sakshi Tanwar,Not Rated,India,161,$,10430000 ,$,303723636 
125,126,For a Few Dollars More,8.198899209,1965,"Sergio Leone (dir.), Clint Eastwood, Lee Van Cleef",/title/tt0059578/,"260,540",Sergio Leone , Clint Eastwood, Lee Van Cleef,R,Italy,132,$,600000 ,$,15000000 
126,127,Batman Begins,8.197203712,2005,"Christopher Nolan (dir.), Christian Bale, Michael Caine",/title/tt0372784/,"1,488,801",Christopher Nolan , Christian Bale, Michael Caine,PG-13,United States,140,$,150000000 ,$,373672993 
127,128,The Kid,8.190779615,1921,"Charles Chaplin (dir.), Charles Chaplin, Edna Purviance",/title/tt0012349/,"128,231",Charles Chaplin , Charles Chaplin, Edna Purviance,Passed,United States,68,$,250000 ,$,5450000 
128,129,Some Like It Hot,8.190207111,1959,"Billy Wilder (dir.), Marilyn Monroe, Tony Curtis",/title/tt0053291/,"271,112",Billy Wilder , Marilyn Monroe, Tony Curtis,Passed,United States,121,$,2883848 ,$,49000000 
129,130,The Father,8.181860379,2020,"Florian Zeller (dir.), Anthony Hopkins, Olivia Colman",/title/tt10272386/,"162,473",Florian Zeller , Anthony Hopkins, Olivia Colman,PG-13,United Kingdom,97,$,6000000 ,$,24331837 
130,131,All About Eve,8.180031249,1950,"Joseph L. Mankiewicz (dir.), Bette Davis, Anne Baxter",/title/tt0042192/,"132,965",Joseph L. Mankiewicz , Bette Davis, Anne Baxter,Passed,United States,138,$,1400000 ,$,8400000 
131,132,The Wolf of Wall Street,8.177986563,2013,"Martin Scorsese (dir.), Leonardo DiCaprio, Jonah Hill",/title/tt0993846/,"1,441,053",Martin Scorsese , Leonardo DiCaprio, Jonah Hill,R,United States,183,$,100000000 ,$,406878233 
132,133,Green Book,8.177613732,2018,"Peter Farrelly (dir.), Viggo Mortensen, Mahershala Ali",/title/tt6966692/,"507,989",Peter Farrelly , Viggo Mortensen, Mahershala Ali,PG-13,United States,130,$,23000000 ,$,321752656 
133,134,Judgment at Nuremberg,8.171861219,1961,"Stanley Kramer (dir.), Spencer Tracy, Burt Lancaster",/title/tt0055031/,"78,956",Stanley Kramer , Spencer Tracy, Burt Lancaster,Approved,United States,179,$,3000000 ,$,16000000 
134,135,Ran,8.164402595,1985,"Akira Kurosawa (dir.), Tatsuya Nakadai, Akira Terao",/title/tt0089881/,"127,749",Akira Kurosawa , Tatsuya Nakadai, Akira Terao,R,Japan,162,$,11500000 ,$,4164283 
135,136,Casino,8.163932454,1995,"Martin Scorsese (dir.), Robert De Niro, Sharon Stone",/title/tt0112641/,"528,892",Martin Scorsese , Robert De Niro, Sharon Stone,R,United States,178,$,52000000 ,$,116112375 
136,137,The Truman Show,8.161261264,1998,"Peter Weir (dir.), Jim Carrey, Ed Harris",/title/tt0120382/,"1,102,320",Peter Weir , Jim Carrey, Ed Harris,PG,United States,103,$,60000000 ,$,264118201 
137,138,There Will Be Blood,8.160495396,2007,"Paul Thomas Anderson (dir.), Daniel Day-Lewis, Paul Dano",/title/tt0469494/,"596,157",Paul Thomas Anderson , Daniel Day-Lewis, Paul Dano,R,United States,158,$,25000000 ,$,76182388 
138,139,Pan's Labyrinth,8.160425186,2006,"Guillermo del Toro (dir.), Ivana Baquero, Ariadna Gil",/title/tt0457430/,"676,343",Guillermo del Toro , Ivana Baquero, Ariadna Gil,R,Mexico,118,$,19000000 ,$,83862032 
139,140,Unforgiven,8.158634392,1992,"Clint Eastwood (dir.), Clint Eastwood, Gene Hackman",/title/tt0105695/,"417,192",Clint Eastwood , Clint Eastwood, Gene Hackman,R,United States,130,$,14400000 ,$,159167799 
140,141,The Sixth Sense,8.154623959,1999,"M. Night Shyamalan (dir.), Bruce Willis, Haley Joel Osment",/title/tt0167404/,"1,003,233",M. Night Shyamalan , Bruce Willis, Haley Joel Osment,PG-13,United States,107,$,40000000 ,$,672806432 
141,142,Shutter Island,8.153292952,2010,"Martin Scorsese (dir.), Leonardo DiCaprio, Emily Mortimer",/title/tt1130884/,"1,341,345",Martin Scorsese , Leonardo DiCaprio, Emily Mortimer,R,United States,138,$,80000000 ,$,294805697 
142,143,A Beautiful Mind,8.150851413,2001,"Ron Howard (dir.), Russell Crowe, Ed Harris",/title/tt0268978/,"942,854",Ron Howard , Russell Crowe, Ed Harris,PG-13,United States,135,$,58000000 ,$,316791257 
143,144,Jurassic Park,8.149414126,1993,"Steven Spielberg (dir.), Sam Neill, Laura Dern",/title/tt0107290/,"1,003,343",Steven Spielberg , Sam Neill, Laura Dern,PG-13,United States,127,$,63000000 ,$,1109802321 
145,146,The Treasure of the Sierra Madre,8.147096649,1948,"John Huston (dir.), Humphrey Bogart, Walter Huston",/title/tt0040897/,"126,656",John Huston , Humphrey Bogart, Walter Huston,Passed,United States,126,$,3000000 ,$,5014000 
146,147,Monty Python and the Holy Grail,8.14540281,1975,"Terry Gilliam (dir.), Graham Chapman, John Cleese",/title/tt0071853/,"547,826",Terry Gilliam , Graham Chapman, John Cleese,PG,United Kingdom,91,$,464453 ,$,1940906 
147,148,No Country for Old Men,8.140166414,2007,"Ethan Coen (dir.), Tommy Lee Jones, Javier Bardem",/title/tt0477348/,"989,918",Ethan Coen , Tommy Lee Jones, Javier Bardem,R,United States,122,$,25000000 ,$,171627434 
148,149,The Great Escape,8.139766017,1963,"John Sturges (dir.), Steve McQueen, James Garner",/title/tt0057115/,"247,722",John Sturges , Steve McQueen, James Garner,Approved,United States,172,$,4000000 ,$,228178 
149,150,Kill Bill: Vol 1,8.139010705,2003,"Quentin Tarantino (dir.), Uma Thurman, David Carradine",/title/tt0266697/,"1,129,866",Quentin Tarantino , Uma Thurman, David Carradine,R,United States,111,$,30000000 ,$,180906076 
150,151,Rashomon,8.137935016,1950,"Akira Kurosawa (dir.), Toshirô Mifune, Machiko Kyô",/title/tt0042876/,"171,198",Akira Kurosawa , Toshirô Mifune, Machiko Kyô,Not Rated,Japan,88,$,140000 ,$,500000 
151,152,Spider-Man: No Way Home,8.135350248,2021,"Jon Watts (dir.), Tom Holland, Zendaya",/title/tt10872600/,"778,730",Jon Watts , Tom Holland, Zendaya,PG-13,United States,148,$,200000000 ,$,1921847111 
152,153,The Thing,8.133870847,1982,"John Carpenter (dir.), Kurt Russell, Wilford Brimley",/title/tt0084787/,"433,209",John Carpenter , Kurt Russell, Wilford Brimley,R,United States,109,$,15000000 ,$,19632715 
153,154,Finding Nemo,8.131360969,2003,"Andrew Stanton (dir.), Albert Brooks, Ellen DeGeneres",/title/tt0266543/,"1,056,581",Andrew Stanton , Albert Brooks, Ellen DeGeneres,G,United States,100,$,94000000 ,$,941637960 
154,155,The Elephant Man,8.126889898,1980,"David Lynch (dir.), Anthony Hopkins, John Hurt",/title/tt0080678/,"245,403",David Lynch , Anthony Hopkins, John Hurt,PG,United States,124,$,5000000 ,$,26023860 
155,156,Chinatown,8.125401742,1974,"Roman Polanski (dir.), Jack Nicholson, Faye Dunaway",/title/tt0071315/,"331,700",Roman Polanski , Jack Nicholson, Faye Dunaway,R,United States,130,$,6000000 ,$,29225935 
156,157,Raging Bull,8.122848724,1980,"Martin Scorsese (dir.), Robert De Niro, Cathy Moriarty",/title/tt0081398/,"359,404",Martin Scorsese , Robert De Niro, Cathy Moriarty,R,United States,129,$,18000000 ,$,23402427 
157,158,V for Vendetta,8.122476111,2005,"James McTeigue (dir.), Hugo Weaving, Natalie Portman",/title/tt0434409/,"1,132,916",James McTeigue , Hugo Weaving, Natalie Portman,R,United States,132,$,54000000 ,$,134686457 
158,159,Gone with the Wind,8.121757586,1939,"Victor Fleming (dir.), Clark Gable, Vivien Leigh",/title/tt0031381/,"319,959",Victor Fleming , Clark Gable, Vivien Leigh,Passed,United States,238,$,3977000 ,$,402382193 
159,160,"Lock, Stock and Two Smoking Barrels",8.120085448,1998,"Guy Ritchie (dir.), Jason Flemyng, Dexter Fletcher",/title/tt0120735/,"590,151",Guy Ritchie , Jason Flemyng, Dexter Fletcher,R,United Kingdom,107,$,1593600 ,$,3753929 
160,161,Inside Out,8.119813209,2015,"Pete Docter (dir.), Amy Poehler, Bill Hader",/title/tt2096673/,"726,733",Pete Docter , Amy Poehler, Bill Hader,PG,United States,95,$,175000000 ,$,858848019 
161,162,Dial M for Murder,8.11971511,1954,"Alfred Hitchcock (dir.), Ray Milland, Grace Kelly",/title/tt0046912/,"178,799",Alfred Hitchcock , Ray Milland, Grace Kelly,PG,United States,105,$,1400000 ,$,600000 
162,163,The Secret in Their Eyes,8.118019473,2009,"Juan José Campanella (dir.), Ricardo Darín, Soledad Villamil",/title/tt1305806/,"212,493",Juan José Campanella , Ricardo Darín, Soledad Villamil,R,Argentina,129,$,2000000 ,$,35079650 
163,164,Howl's Moving Castle,8.1175442,2004,"Hayao Miyazaki (dir.), Chieko Baisho, Takuya Kimura",/title/tt0347149/,"404,677",Hayao Miyazaki , Chieko Baisho, Takuya Kimura,PG,Japan,119,$,24000000 ,$,237536126 
164,165,"Three Billboards Outside Ebbing, Missouri",8.111344218,2017,"Martin McDonagh (dir.), Frances McDormand, Woody Harrelson",/title/tt5027774/,"519,295",Martin McDonagh , Frances McDormand, Woody Harrelson,R,United Kingdom,115,$,15000000 ,$,162861289 
165,166,Trainspotting,8.110316947,1996,"Danny Boyle (dir.), Ewan McGregor, Ewen Bremner",/title/tt0117951/,"695,619",Danny Boyle , Ewan McGregor, Ewen Bremner,R,United Kingdom,93,$,2340000 ,$,16767475 
166,167,The Bridge on the River Kwai,8.110161205,1957,"David Lean (dir.), William Holden, Alec Guinness",/title/tt0050212/,"223,880",David Lean , William Holden, Alec Guinness,PG,United Kingdom,161,$,3000000 ,$,27200000 
167,168,Prisoners,8.106460191,2013,"Denis Villeneuve (dir.), Hugh Jackman, Jake Gyllenhaal",/title/tt1392214/,"733,624",Denis Villeneuve , Hugh Jackman, Jake Gyllenhaal,R,United States,153,$,46000000 ,$,122126687 
168,169,Warrior,8.102536234,2011,"Gavin O'Connor (dir.), Tom Hardy, Nick Nolte",/title/tt1291584/,"478,596",Gavin O'Connor , Tom Hardy, Nick Nolte,PG-13,United States,140,$,25000000 ,$,23308615 
169,170,Fargo,8.102462814,1996,"Joel Coen (dir.), William H. Macy, Frances McDormand",/title/tt0116282/,"687,038",Joel Coen , William H. Macy, Frances McDormand,R,United States,98,$,7000000 ,$,60611975 
170,171,Gran Torino,8.100297244,2008,"Clint Eastwood (dir.), Clint Eastwood, Bee Vang",/title/tt1205489/,"783,982",Clint Eastwood , Clint Eastwood, Bee Vang,R,Germany,116,$,33000000 ,$,269958228 
171,172,My Neighbor Totoro,8.092279594,1988,"Hayao Miyazaki (dir.), Hitoshi Takagi, Noriko Hidaka",/title/tt0096283/,"347,238",Hayao Miyazaki , Hitoshi Takagi, Noriko Hidaka,G,Japan,86,$,3700000 ,$,30574632 
172,173,Catch Me If You Can,8.091518406,2002,"Steven Spielberg (dir.), Leonardo DiCaprio, Tom Hanks",/title/tt0264464/,"1,005,336",Steven Spielberg , Leonardo DiCaprio, Tom Hanks,PG-13,United States,141,$,52000000 ,$,352114312 
173,174,Million Dollar Baby,8.088581669,2004,"Clint Eastwood (dir.), Hilary Swank, Clint Eastwood",/title/tt0405159/,"695,015",Clint Eastwood , Hilary Swank, Clint Eastwood,PG-13,United States,132,$,30000000 ,$,216763646 
174,175,Children of Heaven,8.086194008,1997,"Majid Majidi (dir.), Mohammad Amir Naji, Amir Farrokh Hashemian",/title/tt0118849/,"75,914",Majid Majidi , Mohammad Amir Naji, Amir Farrokh Hashemian,PG,Iran,89,$,180000 ,$,933933 
175,176,Blade Runner,8.08465265,1982,"Ridley Scott (dir.), Harrison Ford, Rutger Hauer",/title/tt0083658/,"780,511",Ridley Scott , Harrison Ford, Rutger Hauer,R,United States,117,$,28000000 ,$,41722424 
176,177,The Gold Rush,8.084359237,1925,"Charles Chaplin (dir.), Charles Chaplin, Mack Swain",/title/tt0015864/,"112,966",Charles Chaplin , Charles Chaplin, Mack Swain,Passed,United States,95,$,923000 ,$,6500000 
178,179,Before Sunrise,8.081041373,1995,"Richard Linklater (dir.), Ethan Hawke, Julie Delpy",/title/tt0112471/,"316,063",Richard Linklater , Ethan Hawke, Julie Delpy,R,United States,101,$,2500000 ,$,5987386 
179,180,Harry Potter and the Deathly Hallows: Part 2,8.080957654,2011,"David Yates (dir.), Daniel Radcliffe, Emma Watson",/title/tt1201607/,"890,632",David Yates , Daniel Radcliffe, Emma Watson,PG-13,United Kingdom,130,$,125000000 ,$,1342359942 
180,181,12 Years a Slave,8.080551292,2013,"Steve McQueen (dir.), Chiwetel Ejiofor, Michael Kenneth Williams",/title/tt2024544/,"710,182",Steve McQueen , Chiwetel Ejiofor, Michael Kenneth Williams,R,United States,134,$,20000000 ,$,187733202 
182,183,Ben-Hur,8.077919353,1959,"William Wyler (dir.), Charlton Heston, Jack Hawkins",/title/tt0052618/,"242,831",William Wyler , Charlton Heston, Jack Hawkins,G,United States,212,$,15000000 ,$,74437720 
183,184,The Grand Budapest Hotel,8.077227003,2014,"Wes Anderson (dir.), Ralph Fiennes, F. Murray Abraham",/title/tt2278388/,"826,567",Wes Anderson , Ralph Fiennes, F. Murray Abraham,R,United States,99,$,25000000 ,$,173082189 
184,185,Gone Girl,8.076989745,2014,"David Fincher (dir.), Ben Affleck, Rosamund Pike",/title/tt2267998/,"998,412",David Fincher , Ben Affleck, Rosamund Pike,R,United States,149,$,61000000 ,$,369330363 
186,187,The General,8.075166432,1926,"Clyde Bruckman (dir.), Buster Keaton, Marion Mack",/title/tt0017925/,"93,038",Clyde Bruckman , Buster Keaton, Marion Mack,Passed,United States,67,$,750000 ,$,1000000 
187,188,Barry Lyndon,8.073814134,1975,"Stanley Kubrick (dir.), Ryan O'Neal, Marisa Berenson",/title/tt0072684/,"171,822",Stanley Kubrick , Ryan O'Neal, Marisa Berenson,PG,United Kingdom,185,$,11000000 ,$,20200000 
188,189,In the Name of the Father,8.073767727,1993,"Jim Sheridan (dir.), Daniel Day-Lewis, Pete Postlethwaite",/title/tt0107207/,"178,278",Jim Sheridan , Daniel Day-Lewis, Pete Postlethwaite,R,Ireland,133,$,13000000 ,$,65796862 
190,191,The Deer Hunter,8.073189979,1978,"Michael Cimino (dir.), Robert De Niro, Christopher Walken",/title/tt0077416/,"344,025",Michael Cimino , Robert De Niro, Christopher Walken,R,United States,183,$,15000000 ,$,49074379 
191,192,Hacksaw Ridge,8.071210675,2016,"Mel Gibson (dir.), Andrew Garfield, Sam Worthington",/title/tt2119532/,"540,235",Mel Gibson , Andrew Garfield, Sam Worthington,R,Australia,139,$,40000000 ,$,180563636 
193,194,Memories of Murder,8.069067552,2003,"Bong Joon Ho (dir.), Song Kang-ho, Kim Sang-kyung",/title/tt0353969/,"191,558",Bong Joon Ho , Song Kang-ho, Kim Sang-kyung,Not Rated,South Korea,132,$,2800000 ,$,1166717 
195,196,Wild Tales,8.067635052,2014,"Damián Szifron (dir.), Darío Grandinetti, María Marull",/title/tt3011894/,"202,752",Damián Szifron , Darío Grandinetti, María Marull,R,Argentina,122,$,3300000 ,$,31478893 
196,197,Mr Smith Goes to Washington,8.066469718,1939,"Frank Capra (dir.), James Stewart, Jean Arthur",/title/tt0031679/,"116,885",Frank Capra , James Stewart, Jean Arthur,Passed,United States,129,$,1900000 ,$,144738 
197,198,Mad Max: Fury Road,8.063573407,2015,"George Miller (dir.), Tom Hardy, Charlize Theron",/title/tt1392190/,"1,018,598",George Miller , Tom Hardy, Charlize Theron,R,Australia,122,$,150000000 ,$,415261382 
198,199,Mary and Max,8.062816239,2009,"Adam Elliot (dir.), Toni Collette, Philip Seymour Hoffman",/title/tt0978762/,"179,607",Adam Elliot , Toni Collette, Philip Seymour Hoffman,Not Rated,Australia,92,$,8240000 ,$,1740429 
199,200,The Seventh Seal,8.062064132,1957,"Ingmar Bergman (dir.), Max von Sydow, Gunnar Björnstrand",/title/tt0050976/,"188,156",Ingmar Bergman , Max von Sydow, Gunnar Björnstrand,Not Rated,Sweden,96,$,150000 ,$,311212 
200,201,How to Train Your Dragon,8.06141844,2010,"Dean DeBlois (dir.), Jay Baruchel, Gerard Butler",/title/tt0892769/,"752,370",Dean DeBlois , Jay Baruchel, Gerard Butler,PG,United States,98,$,165000000 ,$,494879471 
201,202,"Monsters, Inc",8.060715011,2001,"Pete Docter (dir.), Billy Crystal, John Goodman",/title/tt0198781/,"922,302",Pete Docter , Billy Crystal, John Goodman,G,United States,92,$,115000000 ,$,579707738 
202,203,Room,8.060138403,2015,"Lenny Abrahamson (dir.), Brie Larson, Jacob Tremblay",/title/tt3170832/,"427,641",Lenny Abrahamson , Brie Larson, Jacob Tremblay,R,Ireland,118,$,13000000 ,$,35401758 
203,204,Jaws,8.060052203,1975,"Steven Spielberg (dir.), Roy Scheider, Robert Shaw",/title/tt0073195/,"616,997",Steven Spielberg , Roy Scheider, Robert Shaw,PG,United States,124,$,7000000 ,$,476512065 
204,205,Dead Poets Society,8.059861934,1989,"Peter Weir (dir.), Robin Williams, Robert Sean Leonard",/title/tt0097165/,"502,260",Peter Weir , Robin Williams, Robert Sean Leonard,PG,United States,128,$,16400000 ,$,235860116 
205,206,The Big Lebowski,8.058191273,1998,"Joel Coen (dir.), Jeff Bridges, John Goodman",/title/tt0118715/,"819,389",Joel Coen , Jeff Bridges, John Goodman,R,United States,117,$,15000000 ,$,46972508 
208,209,Ford v Ferrari,8.049418418,2019,"James Mangold (dir.), Matt Damon, Christian Bale",/title/tt1950186/,"408,052",James Mangold , Matt Damon, Christian Bale,PG-13,United States,152,$,97600000 ,$,225508210 
209,210,Hotel Rwanda,8.048690637,2004,"Terry George (dir.), Don Cheadle, Sophie Okonedo",/title/tt0395169/,"359,764",Terry George , Don Cheadle, Sophie Okonedo,PG-13,United Kingdom,121,$,17500000 ,$,33882243 
210,211,Rocky,8.04670833,1976,"John G. Avildsen (dir.), Sylvester Stallone, Talia Shire",/title/tt0075148/,"590,143",John G. Avildsen , Sylvester Stallone, Talia Shire,PG,United States,122,$,960000 ,$,117250402 
211,212,Platoon,8.044287346,1986,"Oliver Stone (dir.), Charlie Sheen, Tom Berenger",/title/tt0091763/,"420,001",Oliver Stone , Charlie Sheen, Tom Berenger,R,United States,122,$,6000000 ,$,138545632 
212,213,Ratatouille,8.042634857,2007,"Brad Bird (dir.), Brad Garrett, Lou Romano",/title/tt0382932/,"754,133",Brad Bird , Brad Garrett, Lou Romano,G,United States,111,$,150000000 ,$,623726085 
213,214,Spotlight,8.040969594,2015,"Tom McCarthy (dir.), Mark Ruffalo, Michael Keaton",/title/tt1895587/,"477,530",Tom McCarthy , Mark Ruffalo, Michael Keaton,R,United States,129,$,20000000 ,$,98690254 
214,215,The Terminator,8.040154613,1984,"James Cameron (dir.), Arnold Schwarzenegger, Linda Hamilton",/title/tt0088247/,"877,341",James Cameron , Arnold Schwarzenegger, Linda Hamilton,R,United Kingdom,107,$,6400000 ,$,78371200 
215,216,Logan,8.040082251,2017,"James Mangold (dir.), Hugh Jackman, Patrick Stewart",/title/tt3315342/,"777,310",James Mangold , Hugh Jackman, Patrick Stewart,R,United States,137,$,97000000 ,$,619179950 
216,217,Stand by Me,8.037572418,1986,"Rob Reiner (dir.), Wil Wheaton, River Phoenix",/title/tt0092005/,"412,106",Rob Reiner , Wil Wheaton, River Phoenix,13+,United States,89,$,8000000 ,$,52287414 
217,218,Rush,8.035407978,2013,"Ron Howard (dir.), Daniel Brühl, Chris Hemsworth",/title/tt1979320/,"486,833",Ron Howard , Daniel Brühl, Chris Hemsworth,R,United Kingdom,123,$,38000000 ,$,96983009 
218,219,Network,8.034600076,1976,"Sidney Lumet (dir.), Faye Dunaway, William Holden",/title/tt0074958/,"161,981",Sidney Lumet , Faye Dunaway, William Holden,R,United States,121,$,3800000 ,$,23690757 
219,220,Before Sunset,8.032518064,2004,"Richard Linklater (dir.), Ethan Hawke, Julie Delpy",/title/tt0381681/,"270,409",Richard Linklater , Ethan Hawke, Julie Delpy,R,United States,80,$,2700000 ,$,15849759 
220,221,Into the Wild,8.03155946,2007,"Sean Penn (dir.), Emile Hirsch, Vince Vaughn",/title/tt0758758/,"630,578",Sean Penn , Emile Hirsch, Vince Vaughn,R,United States,148,$,15000000 ,$,56675895 
221,222,The Wizard of Oz,8.030656339,1939,"Victor Fleming (dir.), Judy Garland, Frank Morgan",/title/tt0032138/,"406,631",Victor Fleming , Judy Garland, Frank Morgan,G,United States,102,$,2777000 ,$,25637669 
222,223,The Best Years of Our Lives,8.027983409,1946,"William Wyler (dir.), Myrna Loy, Dana Andrews",/title/tt0036868/,"66,351",William Wyler , Myrna Loy, Dana Andrews,Approved,United States,170,$,2100000 ,$,23661347 
223,224,Groundhog Day,8.027248454,1993,"Harold Ramis (dir.), Bill Murray, Andie MacDowell",/title/tt0107048/,"644,243",Harold Ramis , Bill Murray, Andie MacDowell,PG,United States,101,$,14600000 ,$,71108591 
224,225,The Exorcist,8.026425706,1973,"William Friedkin (dir.), Ellen Burstyn, Max von Sydow",/title/tt0070047/,"415,967",William Friedkin , Ellen Burstyn, Max von Sydow,R,United States,122,$,11000000 ,$,441306145 
225,226,Pather Panchali,8.02561611,1955,"Satyajit Ray (dir.), Kanu Bannerjee, Karuna Bannerjee",/title/tt0048473/,"34,418",Satyajit Ray , Kanu Bannerjee, Karuna Bannerjee,Not Rated,India,125,$,14613 ,$,21000000 
226,227,To Be or Not to Be,8.025084615,1942,"Ernst Lubitsch (dir.), Carole Lombard, Jack Benny",/title/tt0035446/,"38,991",Ernst Lubitsch , Carole Lombard, Jack Benny,Passed,United States,99,$,1200000 ,$,4578000 
227,228,The Incredibles,8.024904244,2004,"Brad Bird (dir.), Craig T. Nelson, Samuel L. Jackson",/title/tt0317705/,"751,480",Brad Bird , Craig T. Nelson, Samuel L. Jackson,PG,United States,115,$,92000000 ,$,631607053 
228,229,La haine,8.023927647,1995,"Mathieu Kassovitz (dir.), Vincent Cassel, Hubert Koundé",/title/tt0113247/,"178,511",Mathieu Kassovitz , Vincent Cassel, Hubert Koundé,Not Rated,France,98,$,4092200 ,$,15300000 
229,230,Pirates of the Caribbean: The Curse of the Black Pearl,8.023155612,2003,"Gore Verbinski (dir.), Johnny Depp, Geoffrey Rush",/title/tt0325980/,"1,142,281",Gore Verbinski , Johnny Depp, Geoffrey Rush,PG-13,United States,143,$,140000000 ,$,654264015 
230,231,The Battle of Algiers,8.022628649,1966,"Gillo Pontecorvo (dir.), Brahim Hadjadj, Jean Martin",/title/tt0058946/,"61,730",Gillo Pontecorvo , Brahim Hadjadj, Jean Martin,Not Rated,Italy,121,$,800000 ,$,962002 
231,232,Hachi: A Dog's Tale,8.022189737,2009,"Lasse Hallström (dir.), Richard Gere, Joan Allen",/title/tt1028532/,"291,492",Lasse Hallström , Richard Gere, Joan Allen,G,United Kingdom,93,$,16000000 ,$,46749646 
233,234,Jai Bhim,8.021207843,2021,"T.J. Gnanavel (dir.), Suriya, Lijo Mol Jose",/title/tt15097216/,"204,916",T.J. Gnanavel , Suriya, Lijo Mol Jose,TV-MA,India,164,$,40 ,$,45 
234,235,My Father and My Son,8.019831606,2005,"Çagan Irmak (dir.), Çetin Tekindor, Fikret Kuskan",/title/tt0476735/,"87,612",Çagan Irmak , Çetin Tekindor, Fikret Kuskan,Not Rated,Turkey,112,$,1400000 ,$,18612999 
235,236,Amores Perros,8.019735439,2000,"Alejandro G. Iñárritu (dir.), Emilio Echevarría, Gael García Bernal",/title/tt0245712/,"243,835",Alejandro G. Iñárritu , Emilio Echevarría, Gael García Bernal,R,Mexico,154,$,2000000 ,$,20908467 
236,237,Rebecca,8.019183712,1940,"Alfred Hitchcock (dir.), Laurence Olivier, Joan Fontaine",/title/tt0032976/,"139,624",Alfred Hitchcock , Laurence Olivier, Joan Fontaine,Approved,United States,130,$,1288000 ,$,6000000 
237,238,Cool Hand Luke,8.018361546,1967,"Stuart Rosenberg (dir.), Paul Newman, George Kennedy",/title/tt0061512/,"179,864",Stuart Rosenberg , Paul Newman, George Kennedy,GP,United States,127,$,3200000 ,$,16200000 
238,239,The Handmaiden,8.016981392,2016,"Park Chan-wook (dir.), Kim Min-hee, Ha Jung-woo",/title/tt4016934/,"153,783",Park Chan-wook , Kim Min-hee, Ha Jung-woo,Not Rated,South Korea,145,$,8000000 ,$,37854655 
240,241,The Sound of Music,8.013341204,1965,"Robert Wise (dir.), Julie Andrews, Christopher Plummer",/title/tt0059742/,"241,528",Robert Wise , Julie Andrews, Christopher Plummer,G,United States,172,$,8200000 ,$,159437744 
241,242,It Happened One Night,8.012712197,1934,"Frank Capra (dir.), Clark Gable, Claudette Colbert",/title/tt0025316/,"106,235",Frank Capra , Clark Gable, Claudette Colbert,Passed,United States,105,$,325000 ,$,2000000 
243,244,Life of Brian,8.009236847,1979,"Terry Jones (dir.), Graham Chapman, John Cleese",/title/tt0079470/,"405,471",Terry Jones , Graham Chapman, John Cleese,R,United Kingdom,94,$,4000000 ,$,20745728 
244,245,The Iron Giant,8.00614245,1999,"Brad Bird (dir.), Eli Marienthal, Harry Connick Jr.",/title/tt0129167/,"205,168",Brad Bird , Eli Marienthal, Harry Connick Jr.,PG,United States,86,$,70000000 ,$,23335817 
245,246,The Help,8.005254307,2011,"Tate Taylor (dir.), Viola Davis, Emma Stone",/title/tt1454029/,"466,836",Tate Taylor , Viola Davis, Emma Stone,PG-13,United States,146,$,25000000 ,$,216639112 
246,247,Dersu Uzala,8.005217248,1975,"Akira Kurosawa (dir.), Maksim Munzuk, Yuriy Solomin",/title/tt0071411/,"31,262",Akira Kurosawa , Maksim Munzuk, Yuriy Solomin,G,Soviet Union,142,$,4000000 ,$,22200000 
247,248,Aladdin,8.003853598,1992,"Ron Clements (dir.), Scott Weinger, Robin Williams",/title/tt0103639/,"430,087",Ron Clements , Scott Weinger, Robin Williams,G,United States,90,$,28000000 ,$,504050219 
248,249,Gandhi,8.001732811,1982,"Richard Attenborough (dir.), Ben Kingsley, John Gielgud",/title/tt0083987/,"235,086",Richard Attenborough , Ben Kingsley, John Gielgud,PG,United Kingdom,191,$,22000000 ,$,52767889 
249,250,Dances with Wolves,8.001684208,1990,"Kevin Costner (dir.), Kevin Costner, Mary McDonnell",/title/tt0099348/,"272,622",Kevin Costner , Kevin Costner, Mary McDonnell,PG-13,United States,181,$,22000000 ,$,424208848 
